file_path,file_name,file_hash,file_duration_seconds,file_verdict,segment_id,start_time_seconds,end_time_seconds,duration_seconds,verdict,confidence,reason_flags,profile_name,model_id,engine_version,settings_snapshot,scan_date_utc,audio_clip_path
"/home/tba/.gemini/antigravity-ide/scratch/Voice-Sampler/eval/dev_dataset/audio/dev_clip_0000.wav","dev_clip_0000.wav","dev_clip_0000.wav",10.00,"Possible","dev_clip_0000_0.0",0.00,10.00,10.00,"Possible",0.424,"[""LOW_SNR""]","Charlie","wespeaker-resnet34","0.1.0","{""Threshold"":0.48,""ClusterThreshold"":0.4,""TemporalSmoothing"":true}","2026-10-02T16:03:14.3071891+00:00","audio_hits/dev_clip_0000_seg_1_0.0s_10.0s.wav"
"/home/tba/.gemini/antigravity-ide/scratch/Voice-Sampler/eval/dev_dataset/audio/dev_clip_0001.wav","dev_clip_0001.wav","dev_clip_0001.wav",10.00,"Match","dev_clip_0001_0.0",0.00,10.00,10.00,"Match",0.558,"[""LOW_SNR""]","Charlie","wespeaker-resnet34","0.1.0","{""Threshold"":0.48,""ClusterThreshold"":0.4,""TemporalSmoothing"":true}","2026-10-02T16:03:14.3071891+00:00","audio_hits/dev_clip_0001_seg_1_0.0s_10.0s.wav"
"/home/tba/.gemini/antigravity-ide/scratch/Voice-Sampler/eval/dev_dataset/audio/dev_clip_0002.wav","dev_clip_0002.wav","dev_clip_0002.wav",10.00,"Possible","dev_clip_0002_0.0",0.00,10.00,10.00,"Possible",0.459,"[""LOW_SNR""]","Charlie","wespeaker-resnet34","0.1.0","{""Threshold"":0.48,""ClusterThreshold"":0.4,""TemporalSmoothing"":true}","2026-10-02T16:03:14.3071891+00:00","audio_hits/dev_clip_0002_seg_1_0.0s_10.0s.wav"
"/home/tba/.gemini/antigravity-ide/scratch/Voice-Sampler/eval/dev_dataset/audio/dev_clip_0003.wav","dev_clip_0003.wav","dev_clip_0003.wav",10.00,"Possible","dev_clip_0003_0.0",0.00,10.00,10.00,"Possible",0.428,"[""SUSPECTED_OVERLAP""]","Charlie","wespeaker-resnet34","0.1.0","{""Threshold"":0.48,""ClusterThreshold"":0.4,""TemporalSmoothing"":true}","2026-10-02T16:03:14.3071891+00:00","audio_hits/dev_clip_0003_seg_1_0.0s_10.0s.wav"
"/home/tba/.gemini/antigravity-ide/scratch/Voice-Sampler/eval/dev_dataset/audio/dev_clip_0004.wav","dev_clip_0004.wav","dev_clip_0004.wav",10.00,"Match","dev_clip_0004_0.0",0.00,10.00,10.00,"Match",0.573,"[""LOW_SNR""]","Charlie","wespeaker-resnet34","0.1.0","{""Threshold"":0.48,""ClusterThreshold"":0.4,""TemporalSmoothing"":true}","2026-10-02T16:03:14.3071891+00:00","audio_hits/dev_clip_0004_seg_1_0.0s_10.0s.wav"
"/home/tba/.gemini/antigravity-ide/scratch/Voice-Sampler/eval/dev_dataset/audio/dev_clip_0005.wav","dev_clip_0005.wav","dev_clip_0005.wav",10.00,"Possible","dev_clip_0005_0.0",0.00,10.00,10.00,"Possible",0.447,"[""LOW_SNR"",""SUSPECTED_OVERLAP""]","Charlie","wespeaker-resnet34","0.1.0","{""Threshold"":0.48,""ClusterThreshold"":0.4,""TemporalSmoothing"":true}","2026-10-02T16:03:14.3071891+00:00","audio_hits/dev_clip_0005_seg_1_0.0s_10.0s.wav"
"/home/tba/.gemini/antigravity-ide/scratch/Voice-Sampler/eval/dev_dataset/audio/dev_clip_0006.wav","dev_clip_0006.wav","dev_clip_0006.wav",10.00,"Possible","dev_clip_0006_0.0",0.00,10.00,10.00,"Possible",0.467,"[""LOW_SNR""]","Charlie","wespeaker-resnet34","0.1.0","{""Threshold"":0.48,""ClusterThreshold"":0.4,""TemporalSmoothing"":true}","2026-10-02T16:03:14.3071891+00:00","audio_hits/dev_clip_0006_seg_1_0.0s_10.0s.wav"
"/home/tba/.gemini/antigravity-ide/scratch/Voice-Sampler/eval/dev_dataset/audio/dev_clip_0007.wav","dev_clip_0007.wav","dev_clip_0007.wav",10.00,"Match","dev_clip_0007_0.0",0.00,10.00,10.00,"Match",0.531,"[""LOW_SNR""]","Charlie","wespeaker-resnet34","0.1.0","{""Threshold"":0.48,""ClusterThreshold"":0.4,""TemporalSmoothing"":true}","2026-10-02T16:03:14.3071891+00:00","audio_hits/dev_clip_0007_seg_1_0.0s_10.0s.wav"
"/home/tba/.gemini/antigravity-ide/scratch/Voice-Sampler/eval/dev_dataset/audio/dev_clip_0008.wav","dev_clip_0008.wav","dev_clip_0008.wav",10.00,"Match","dev_clip_0008_0.0",0.00,10.00,10.00,"Match",0.520,"[]","Charlie","wespeaker-resnet34","0.1.0","{""Threshold"":0.48,""ClusterThreshold"":0.4,""TemporalSmoothing"":true}","2026-10-02T16:03:14.3071891+00:00","audio_hits/dev_clip_0008_seg_1_0.0s_10.0s.wav"
"/home/tba/.gemini/antigravity-ide/scratch/Voice-Sampler/eval/dev_dataset/audio/dev_clip_0009.wav","dev_clip_0009.wav","dev_clip_0009.wav",10.00,"Possible","dev_clip_0009_0.0",0.00,10.00,10.00,"Possible",0.443,"[""LOW_SNR""]","Charlie","wespeaker-resnet34","0.1.0","{""Threshold"":0.48,""ClusterThreshold"":0.4,""TemporalSmoothing"":true}","2026-10-02T16:03:14.3071891+00:00","audio_hits/dev_clip_0009_seg_1_0.0s_10.0s.wav"
"/home/tba/.gemini/antigravity-ide/scratch/Voice-Sampler/eval/dev_dataset/audio/dev_clip_0010.wav","dev_clip_0010.wav","dev_clip_0010.wav",10.00,"Match","dev_clip_0010_0.0",0.00,10.00,10.00,"Match",0.542,"[""LOW_SNR"",""SUSPECTED_OVERLAP""]","Charlie","wespeaker-resnet34","0.1.0","{""Threshold"":0.48,""ClusterThreshold"":0.4,""TemporalSmoothing"":true}","2026-10-02T16:03:14.3071891+00:00","audio_hits/dev_clip_0010_seg_1_0.0s_10.0s.wav"
"/home/tba/.gemini/antigravity-ide/scratch/Voice-Sampler/eval/dev_dataset/audio/dev_clip_0011.wav","dev_clip_0011.wav","dev_clip_0011.wav",10.00,"Match","dev_clip_0011_0.0",0.00,10.00,10.00,"Match",0.525,"[]","Charlie","wespeaker-resnet34","0.1.0","{""Threshold"":0.48,""ClusterThreshold"":0.4,""TemporalSmoothing"":true}","2026-10-02T16:03:14.3071891+00:00","audio_hits/dev_clip_0011_seg_1_0.0s_10.0s.wav"
"/home/tba/.gemini/antigravity-ide/scratch/Voice-Sampler/eval/dev_dataset/audio/dev_clip_0012.wav","dev_clip_0012.wav","dev_clip_0012.wav",10.00,"Match","dev_clip_0012_0.0",0.00,10.00,10.00,"Match",0.549,"[""LOW_SNR""]","Charlie","wespeaker-resnet34","0.1.0","{""Threshold"":0.48,""ClusterThreshold"":0.4,""TemporalSmoothing"":true}","2026-10-02T16:03:14.3071891+00:00","audio_hits/dev_clip_0012_seg_1_0.0s_10.0s.wav"
"/home/tba/.gemini/antigravity-ide/scratch/Voice-Sampler/eval/dev_dataset/audio/dev_clip_0013.wav","dev_clip_0013.wav","dev_clip_0013.wav",10.00,"Match","dev_clip_0013_0.0",0.00,10.00,10.00,"Match",0.537,"[""LOW_SNR""]","Charlie","wespeaker-resnet34","0.1.0","{""Threshold"":0.48,""ClusterThreshold"":0.4,""TemporalSmoothing"":true}","2026-10-02T16:03:14.3071891+00:00","audio_hits/dev_clip_0013_seg_1_0.0s_10.0s.wav"
"/home/tba/.gemini/antigravity-ide/scratch/Voice-Sampler/eval/dev_dataset/audio/dev_clip_0014.wav","dev_clip_0014.wav","dev_clip_0014.wav",10.00,"Possible","dev_clip_0014_0.0",0.00,10.00,10.00,"Possible",0.443,"[""SUSPECTED_OVERLAP""]","Charlie","wespeaker-resnet34","0.1.0","{""Threshold"":0.48,""ClusterThreshold"":0.4,""TemporalSmoothing"":true}","2026-10-02T16:03:14.3071891+00:00","audio_hits/dev_clip_0014_seg_1_0.0s_10.0s.wav"
"/home/tba/.gemini/antigravity-ide/scratch/Voice-Sampler/eval/dev_dataset/audio/dev_clip_0015.wav","dev_clip_0015.wav","dev_clip_0015.wav",10.00,"Match","dev_clip_0015_0.0",0.00,10.00,10.00,"Match",0.559,"[""LOW_SNR""]","Charlie","wespeaker-resnet34","0.1.0","{""Threshold"":0.48,""ClusterThreshold"":0.4,""TemporalSmoothing"":true}","2026-10-02T16:03:14.3071891+00:00","audio_hits/dev_clip_0015_seg_1_0.0s_10.0s.wav"
"/home/tba/.gemini/antigravity-ide/scratch/Voice-Sampler/eval/dev_dataset/audio/dev_clip_0016.wav","dev_clip_0016.wav","dev_clip_0016.wav",10.00,"Possible","dev_clip_0016_0.0",0.00,10.00,10.00,"Possible",0.469,"[""LOW_SNR""]","Charlie","wespeaker-resnet34","0.1.0","{""Threshold"":0.48,""ClusterThreshold"":0.4,""TemporalSmoothing"":true}","2026-10-02T16:03:14.3071891+00:00","audio_hits/dev_clip_0016_seg_1_0.0s_10.0s.wav"
"/home/tba/.gemini/antigravity-ide/scratch/Voice-Sampler/eval/dev_dataset/audio/dev_clip_0017.wav","dev_clip_0017.wav","dev_clip_0017.wav",10.00,"Possible","dev_clip_0017_0.0",0.00,10.00,10.00,"Possible",0.440,"[""LOW_SNR""]","Charlie","wespeaker-resnet34","0.1.0","{""Threshold"":0.48,""ClusterThreshold"":0.4,""TemporalSmoothing"":true}","2026-10-02T16:03:14.3071891+00:00","audio_hits/dev_clip_0017_seg_1_0.0s_10.0s.wav"
"/home/tba/.gemini/antigravity-ide/scratch/Voice-Sampler/eval/dev_dataset/audio/dev_clip_0018.wav","dev_clip_0018.wav","dev_clip_0018.wav",10.00,"Possible","dev_clip_0018_0.0",0.00,10.00,10.00,"Possible",0.492,"[""LOW_SNR""]","Charlie","wespeaker-resnet34","0.1.0","{""Threshold"":0.48,""ClusterThreshold"":0.4,""TemporalSmoothing"":true}","2026-10-02T16:03:14.3071891+00:00","audio_hits/dev_clip_0018_seg_1_0.0s_10.0s.wav"
"/home/tba/.gemini/antigravity-ide/scratch/Voice-Sampler/eval/dev_dataset/audio/dev_clip_0019.wav","dev_clip_0019.wav","dev_clip_0019.wav",10.00,"Possible","dev_clip_0019_0.0",0.00,10.00,10.00,"Possible",0.420,"[""LOW_SNR""]","Charlie","wespeaker-resnet34","0.1.0","{""Threshold"":0.48,""ClusterThreshold"":0.4,""TemporalSmoothing"":true}","2026-10-02T16:03:14.3071891+00:00","audio_hits/dev_clip_0019_seg_1_0.0s_10.0s.wav"
"/home/tba/.gemini/antigravity-ide/scratch/Voice-Sampler/eval/dev_dataset/audio/dev_clip_0020.wav","dev_clip_0020.wav","dev_clip_0020.wav",10.00,"Possible","dev_clip_0020_0.0",0.00,10.00,10.00,"Possible",0.443,"[""LOW_SNR"",""SUSPECTED_OVERLAP""]","Charlie","wespeaker-resnet34","0.1.0","{""Threshold"":0.48,""ClusterThreshold"":0.4,""TemporalSmoothing"":true}","2026-10-02T16:03:14.3071891+00:00","audio_hits/dev_clip_0020_seg_1_0.0s_10.0s.wav"
"/home/tba/.gemini/antigravity-ide/scratch/Voice-Sampler/eval/dev_dataset/audio/dev_clip_0021.wav","dev_clip_0021.wav","dev_clip_0021.wav",10.00,"Possible","dev_clip_0021_0.0",0.00,10.00,10.00,"Possible",0.448,"[""LOW_SNR"",""SUSPECTED_OVERLAP""]","Charlie","wespeaker-resnet34","0.1.0","{""Threshold"":0.48,""ClusterThreshold"":0.4,""TemporalSmoothing"":true}","2026-10-02T16:03:14.3071891+00:00","audio_hits/dev_clip_0021_seg_1_0.0s_10.0s.wav"
"/home/tba/.gemini/antigravity-ide/scratch/Voice-Sampler/eval/dev_dataset/audio/dev_clip_0022.wav","dev_clip_0022.wav","dev_clip_0022.wav",10.00,"Match","dev_clip_0022_0.0",0.00,10.00,10.00,"Match",0.521,"[""LOW_SNR"",""SUSPECTED_OVERLAP""]","Charlie","wespeaker-resnet34","0.1.0","{""Threshold"":0.48,""ClusterThreshold"":0.4,""TemporalSmoothing"":true}","2026-10-02T16:03:14.3071891+00:00","audio_hits/dev_clip_0022_seg_1_0.0s_10.0s.wav"
"/home/tba/.gemini/antigravity-ide/scratch/Voice-Sampler/eval/dev_dataset/audio/dev_clip_0023.wav","dev_clip_0023.wav","dev_clip_0023.wav",10.00,"Possible","dev_clip_0023_0.0",0.00,10.00,10.00,"Possible",0.473,"[""LOW_SNR""]","Charlie","wespeaker-resnet34","0.1.0","{""Threshold"":0.48,""ClusterThreshold"":0.4,""TemporalSmoothing"":true}","2026-10-02T16:03:14.3071891+00:00","audio_hits/dev_clip_0023_seg_1_0.0s_10.0s.wav"
"/home/tba/.gemini/antigravity-ide/scratch/Voice-Sampler/eval/dev_dataset/audio/dev_clip_0024.wav","dev_clip_0024.wav","dev_clip_0024.wav",10.00,"Match","dev_clip_0024_0.0",0.00,10.00,10.00,"Match",0.572,"[""LOW_SNR""]","Charlie","wespeaker-resnet34","0.1.0","{""Threshold"":0.48,""ClusterThreshold"":0.4,""TemporalSmoothing"":true}","2026-10-02T16:03:14.3071891+00:00","audio_hits/dev_clip_0024_seg_1_0.0s_10.0s.wav"
